{"cameraMode":{"drawMode":0,"name":"Shaded","section":"Shading Mode"},"sceneLighting":false,"audioPlay":false,"sceneViewState":{"showFog":true,"showMaterialUpdate":false,"showSkybox":false,"showFlares":true,"showImageEffects":true,"showParticleSystems":true},"in2DMode":false,"pivot":{"x":-0.00001239776611328125,"y":-2.384185791015625e-7,"z":0.00756227970123291},"rotation":{"x":0.6125228404998779,"y":-0.029260192066431047,"z":0.023315470665693284,"w":0.7897265553474426},"size":2.040696620941162,"orthographic":false}