{"cameraMode":{"drawMode":0,"name":"Shaded","section":"Shading Mode"},"sceneLighting":true,"audioPlay":false,"sceneViewState":{"showFog":true,"showMaterialUpdate":false,"showSkybox":false,"showFlares":true,"showImageEffects":true,"showParticleSystems":true},"in2DMode":false,"pivot":{"x":17.200000762939454,"y":1.9700000286102296,"z":22.0},"rotation":{"x":0.17790912091732026,"y":-0.7068897485733032,"z":0.19130964577198029,"w":0.6573498249053955},"size":2.4494898319244386,"orthographic":false}