{"cameraMode":{"drawMode":0,"name":"Shaded","section":"Shading Mode"},"sceneLighting":false,"audioPlay":false,"sceneViewState":{"showFog":true,"showMaterialUpdate":false,"showSkybox":false,"showFlares":true,"showImageEffects":true,"showParticleSystems":true},"in2DMode":false,"pivot":{"x":-3.128864288330078,"y":0.3686518669128418,"z":1.3736815452575684},"rotation":{"x":0.2874826192855835,"y":-0.5513126254081726,"z":0.2104025036096573,"w":0.7545535564422607},"size":17.599559783935548,"orthographic":false}