{"cameraMode":{"drawMode":0,"name":"Shaded","section":"Shading Mode"},"sceneLighting":false,"audioPlay":false,"sceneViewState":{"showFog":true,"showMaterialUpdate":false,"showSkybox":false,"showFlares":true,"showImageEffects":true,"showParticleSystems":true},"in2DMode":false,"pivot":{"x":-0.000003337860107421875,"y":-0.7140474319458008,"z":0.0000027418136596679689},"rotation":{"x":0.4197688400745392,"y":0.017981786280870439,"z":-0.007780465297400951,"w":0.9075583815574646},"size":2.715961456298828,"orthographic":false}