{"cameraMode":{"drawMode":0,"name":"Shaded","section":"Shading Mode"},"sceneLighting":false,"audioPlay":false,"sceneViewState":{"showFog":true,"showMaterialUpdate":false,"showSkybox":false,"showFlares":true,"showImageEffects":true,"showParticleSystems":true},"in2DMode":false,"pivot":{"x":-0.7981054782867432,"y":3.0349831581115724,"z":0.29424238204956057},"rotation":{"x":0.000673415488563478,"y":0.9279749393463135,"z":-0.3727032244205475,"w":0.0016561404336243868},"size":5.84601354598999,"orthographic":false}