{"cameraMode":{"drawMode":0,"name":"Shaded","section":"Shading Mode"},"sceneLighting":false,"audioPlay":false,"sceneViewState":{"showFog":true,"showMaterialUpdate":false,"showSkybox":false,"showFlares":true,"showImageEffects":true,"showParticleSystems":true},"in2DMode":false,"pivot":{"x":3.7649879455566408,"y":6.817016124725342,"z":-2.397522449493408},"rotation":{"x":-0.012866008095443249,"y":0.797880232334137,"z":-0.6025476455688477,"w":-0.017060667276382448},"size":9.408841133117676,"orthographic":false}