{"cameraMode":{"drawMode":0,"name":"Shaded","section":"Shading Mode"},"sceneLighting":true,"audioPlay":false,"sceneViewState":{"showFog":true,"showMaterialUpdate":false,"showSkybox":true,"showFlares":true,"showImageEffects":true,"showParticleSystems":true},"in2DMode":false,"pivot":{"x":17.200000762939454,"y":1.9700000286102296,"z":22.0},"rotation":{"x":0.6992456316947937,"y":0.00022940340568311512,"z":-0.00019319586863275617,"w":0.7149278521537781},"size":9.116161346435547,"orthographic":false}