{"cameraMode":{"drawMode":0,"name":"Shaded","section":"Shading Mode"},"sceneLighting":true,"audioPlay":false,"sceneViewState":{"showFog":true,"showMaterialUpdate":false,"showSkybox":false,"showFlares":true,"showImageEffects":true,"showParticleSystems":true},"in2DMode":false,"pivot":{"x":17.200000762939454,"y":1.9700000286102296,"z":22.0},"rotation":{"x":0.01841827854514122,"y":-0.7007108926773071,"z":0.018076084554195405,"w":0.7130156755447388},"size":2.4494898319244386,"orthographic":false}