{"cameraMode":{"drawMode":0,"name":"Shaded","section":"Shading Mode"},"sceneLighting":true,"audioPlay":false,"sceneViewState":{"showFog":true,"showMaterialUpdate":false,"showSkybox":true,"showFlares":true,"showImageEffects":true,"showParticleSystems":true},"in2DMode":false,"pivot":{"x":-63.13854217529297,"y":-0.23003196716308595,"z":83.40127563476563},"rotation":{"x":0.10315490514039993,"y":-0.6820751428604126,"z":0.09806330502033234,"w":0.7173402905464172},"size":23.290508270263673,"orthographic":false}