{"cameraMode":{"drawMode":0,"name":"Shaded","section":"Shading Mode"},"sceneLighting":false,"audioPlay":false,"sceneViewState":{"showFog":true,"showMaterialUpdate":false,"showSkybox":false,"showFlares":true,"showImageEffects":true,"showParticleSystems":true},"in2DMode":false,"pivot":{"x":3.7649879455566408,"y":6.817016124725342,"z":-2.397522449493408},"rotation":{"x":-0.004145292565226555,"y":0.9917322993278503,"z":-0.12442664057016373,"w":-0.03310590982437134},"size":9.408841133117676,"orthographic":false}