{"cameraMode":{"drawMode":0,"name":"Shaded","section":"Shading Mode"},"sceneLighting":true,"audioPlay":false,"sceneViewState":{"showFog":true,"showMaterialUpdate":false,"showSkybox":true,"showFlares":true,"showImageEffects":true,"showParticleSystems":true},"in2DMode":false,"pivot":{"x":-1.1284818649291993,"y":3.101578712463379,"z":13.252849578857422},"rotation":{"x":0.6763681173324585,"y":-0.0008801034418866038,"z":0.0008008730364963412,"w":0.7365779280662537},"size":24.3852596282959,"orthographic":false}