{"cameraMode":{"drawMode":0,"name":"Shaded","section":"Shading Mode"},"sceneLighting":true,"audioPlay":false,"sceneViewState":{"showFog":true,"showMaterialUpdate":false,"showSkybox":true,"showFlares":true,"showImageEffects":true,"showParticleSystems":true},"in2DMode":false,"pivot":{"x":-11.607285499572754,"y":7.117969989776611,"z":39.38641357421875},"rotation":{"x":0.001641111564822495,"y":-0.8655210137367249,"z":0.5009942054748535,"w":0.0029946505092084409},"size":25.546772003173829,"orthographic":false}