{"cameraMode":{"drawMode":0,"name":"Shaded","section":"Shading Mode"},"sceneLighting":true,"audioPlay":false,"sceneViewState":{"showFog":true,"showMaterialUpdate":false,"showSkybox":true,"showFlares":true,"showImageEffects":true,"showParticleSystems":true},"in2DMode":false,"pivot":{"x":-135.74456787109376,"y":-45.35969161987305,"z":69.17047119140625},"rotation":{"x":-0.2912549078464508,"y":0.6480145454406738,"z":-0.2954649329185486,"w":-0.6387301087379456},"size":65.94749450683594,"orthographic":false}