{"cameraMode":{"drawMode":0,"name":"Shaded","section":"Shading Mode"},"sceneLighting":true,"audioPlay":false,"sceneViewState":{"showFog":true,"showMaterialUpdate":false,"showSkybox":true,"showFlares":true,"showImageEffects":true,"showParticleSystems":true},"in2DMode":false,"pivot":{"x":-107.86833190917969,"y":2.9000000953674318,"z":67.17156982421875},"rotation":{"x":0.35729315876960757,"y":-0.6234513521194458,"z":0.3842117488384247,"w":0.5797320604324341},"size":40.790592193603519,"orthographic":false}