{"cameraMode":{"drawMode":0,"name":"Shaded","section":"Shading Mode"},"sceneLighting":true,"audioPlay":false,"sceneViewState":{"showFog":true,"showMaterialUpdate":false,"showSkybox":true,"showFlares":true,"showImageEffects":true,"showParticleSystems":true},"in2DMode":false,"pivot":{"x":25.209468841552736,"y":-5.300726890563965,"z":-10.511351585388184},"rotation":{"x":-0.575965940952301,"y":-0.006868915632367134,"z":0.004839766304939985,"w":-0.8174307346343994},"size":14.865232467651368,"orthographic":false}