{"cameraMode":{"drawMode":0,"name":"Shaded","section":"Shading Mode"},"sceneLighting":false,"audioPlay":false,"sceneViewState":{"showFog":true,"showMaterialUpdate":false,"showSkybox":false,"showFlares":true,"showImageEffects":true,"showParticleSystems":true},"in2DMode":false,"pivot":{"x":-166.60000610351563,"y":3.069999933242798,"z":88.4000015258789},"rotation":{"x":0.22923260927200318,"y":-0.014320229180157185,"z":0.003344861092045903,"w":0.9732869863510132},"size":5.196155548095703,"orthographic":false}