{"cameraMode":{"drawMode":0,"name":"Shaded","section":"Shading Mode"},"sceneLighting":false,"audioPlay":false,"sceneViewState":{"showFog":true,"showMaterialUpdate":false,"showSkybox":false,"showFlares":true,"showImageEffects":true,"showParticleSystems":true},"in2DMode":false,"pivot":{"x":-166.60000610351563,"y":3.0889999866485597,"z":97.88999938964844},"rotation":{"x":0.2249889075756073,"y":-0.6349294781684876,"z":0.20077697932720185,"w":0.711324155330658},"size":5.196155548095703,"orthographic":false}