{"cameraMode":{"drawMode":0,"name":"Shaded","section":"Shading Mode"},"sceneLighting":true,"audioPlay":false,"sceneViewState":{"showFog":true,"showMaterialUpdate":false,"showSkybox":false,"showFlares":true,"showImageEffects":true,"showParticleSystems":true},"in2DMode":false,"pivot":{"x":10.359999656677246,"y":2.9000000953674318,"z":-8.529999732971192},"rotation":{"x":0.24733665585517884,"y":-0.5296502709388733,"z":0.16487659513950349,"w":0.7944471836090088},"size":3.9742348194122316,"orthographic":false}