{"cameraMode":{"drawMode":0,"name":"Shaded","section":"Shading Mode"},"sceneLighting":false,"audioPlay":false,"sceneViewState":{"showFog":true,"showMaterialUpdate":false,"showSkybox":false,"showFlares":true,"showImageEffects":true,"showParticleSystems":true},"in2DMode":false,"pivot":{"x":8.64253044128418,"y":-11.05923080444336,"z":8.215900421142579},"rotation":{"x":-0.3423711359500885,"y":-0.13920728862285615,"z":0.050918567925691608,"w":-0.9279392957687378},"size":13.966126441955567,"orthographic":false}