{"cameraMode":{"drawMode":0,"name":"Shaded","section":"Shading Mode"},"sceneLighting":false,"audioPlay":false,"sceneViewState":{"showFog":true,"showMaterialUpdate":false,"showSkybox":false,"showFlares":true,"showImageEffects":true,"showParticleSystems":true},"in2DMode":false,"pivot":{"x":-2.499993085861206,"y":-0.17895051836967469,"z":-0.0002830773591995239},"rotation":{"x":0.005499579478055239,"y":0.9845667481422424,"z":-0.17276901006698609,"w":0.0314575619995594},"size":71.15526580810547,"orthographic":false}