{"cameraMode":{"drawMode":0,"name":"Shaded","section":"Shading Mode"},"sceneLighting":true,"audioPlay":false,"sceneViewState":{"showFog":true,"showMaterialUpdate":false,"showSkybox":true,"showFlares":true,"showImageEffects":true,"showParticleSystems":true},"in2DMode":false,"pivot":{"x":22.576929092407228,"y":2.1230106353759767,"z":-10.234625816345215},"rotation":{"x":-0.002991859335452318,"y":-0.7424062490463257,"z":0.6702897548675537,"w":-0.0019054380245506764},"size":11.411661148071289,"orthographic":false}