{"cameraMode":{"drawMode":0,"name":"Shaded","section":"Shading Mode"},"sceneLighting":false,"audioPlay":false,"sceneViewState":{"showFog":true,"showMaterialUpdate":false,"showSkybox":false,"showFlares":true,"showImageEffects":true,"showParticleSystems":true},"in2DMode":false,"pivot":{"x":0.3591620922088623,"y":2.1347270011901857,"z":-0.23518192768096925},"rotation":{"x":0.0009739476954564452,"y":0.9678478240966797,"z":-0.25199130177497866,"w":0.003914505243301392},"size":21.508337020874025,"orthographic":false}