{"cameraMode":{"drawMode":0,"name":"Shaded","section":"Shading Mode"},"sceneLighting":false,"audioPlay":false,"sceneViewState":{"showFog":true,"showMaterialUpdate":false,"showSkybox":false,"showFlares":true,"showImageEffects":true,"showParticleSystems":true},"in2DMode":false,"pivot":{"x":0.04427146911621094,"y":1.0,"z":-0.007030516862869263},"rotation":{"x":-0.0002575190446805209,"y":0.9762949347496033,"z":-0.21699409186840058,"w":-0.0010366380447521806},"size":1.259803295135498,"orthographic":false}