{"cameraMode":{"drawMode":0,"name":"Shaded","section":"Shading Mode"},"sceneLighting":false,"audioPlay":false,"sceneViewState":{"showFog":true,"showMaterialUpdate":false,"showSkybox":false,"showFlares":true,"showImageEffects":true,"showParticleSystems":true},"in2DMode":false,"pivot":{"x":0.04886072874069214,"y":1.0,"z":-0.0070284754037857059},"rotation":{"x":-0.0027146278880536558,"y":0.989844560623169,"z":-0.14171981811523438,"w":-0.01887466385960579},"size":1.2621934413909913,"orthographic":false}