{"cameraMode":{"drawMode":0,"name":"Shaded","section":"Shading Mode"},"sceneLighting":false,"audioPlay":false,"sceneViewState":{"showFog":true,"showMaterialUpdate":false,"showSkybox":false,"showFlares":true,"showImageEffects":true,"showParticleSystems":true},"in2DMode":false,"pivot":{"x":-0.02771666646003723,"y":0.12853266298770905,"z":0.007123097777366638},"rotation":{"x":-0.22010578215122224,"y":0.650625467300415,"z":-0.20532162487506867,"w":-0.6973687410354614},"size":0.5057641267776489,"orthographic":false}