{"cameraMode":{"drawMode":0,"name":"Shaded","section":"Shading Mode"},"sceneLighting":true,"audioPlay":false,"sceneViewState":{"showFog":true,"showMaterialUpdate":false,"showSkybox":true,"showFlares":true,"showImageEffects":true,"showParticleSystems":true},"in2DMode":false,"pivot":{"x":-26.827903747558595,"y":-9.530326843261719,"z":44.03700637817383},"rotation":{"x":-0.45375269651412966,"y":0.5428255200386047,"z":-0.45892342925071719,"w":-0.5376730561256409},"size":40.69247055053711,"orthographic":false}