{"cameraMode":{"drawMode":0,"name":"Shaded","section":"Shading Mode"},"sceneLighting":false,"audioPlay":false,"sceneViewState":{"showFog":true,"showMaterialUpdate":false,"showSkybox":false,"showFlares":true,"showImageEffects":true,"showParticleSystems":true},"in2DMode":false,"pivot":{"x":-2.4584524631500246,"y":0.8450267314910889,"z":-0.0006184577941894531},"rotation":{"x":-0.2053392082452774,"y":0.7242545485496521,"z":-0.24297696352005006,"w":-0.6119627952575684},"size":18.740148544311525,"orthographic":false}