{"cameraMode":{"drawMode":0,"name":"Shaded","section":"Shading Mode"},"sceneLighting":false,"audioPlay":false,"sceneViewState":{"showFog":true,"showMaterialUpdate":false,"showSkybox":false,"showFlares":true,"showImageEffects":true,"showParticleSystems":true},"in2DMode":false,"pivot":{"x":-0.6669256091117859,"y":0.6459100842475891,"z":0.003936901688575745},"rotation":{"x":-0.00039976841071620584,"y":0.9900220632553101,"z":-0.1417454183101654,"w":-0.0025365769397467376},"size":5.161109447479248,"orthographic":false}