{"cameraMode":{"drawMode":0,"name":"Shaded","section":"Shading Mode"},"sceneLighting":false,"audioPlay":false,"sceneViewState":{"showFog":true,"showMaterialUpdate":false,"showSkybox":false,"showFlares":true,"showImageEffects":true,"showParticleSystems":true},"in2DMode":false,"pivot":{"x":-0.0017394423484802247,"y":0.22304971516132356,"z":7.748603820800781e-7},"rotation":{"x":-0.002008040202781558,"y":0.9350399971008301,"z":-0.35484498739242556,"w":-0.0051931357011199},"size":3.3757951259613039,"orthographic":false}