{"cameraMode":{"drawMode":0,"name":"Shaded","section":"Shading Mode"},"sceneLighting":false,"audioPlay":false,"sceneViewState":{"showFog":true,"showMaterialUpdate":false,"showSkybox":false,"showFlares":true,"showImageEffects":true,"showParticleSystems":true},"in2DMode":false,"pivot":{"x":-0.471172571182251,"y":0.6777545809745789,"z":0.4222294092178345},"rotation":{"x":-0.39861583709716799,"y":0.5831055641174316,"z":-0.39615336060523989,"w":-0.5868522524833679},"size":7.998094081878662,"orthographic":false}