{"cameraMode":{"drawMode":0,"name":"Shaded","section":"Shading Mode"},"sceneLighting":false,"audioPlay":false,"sceneViewState":{"showFog":true,"showMaterialUpdate":false,"showSkybox":false,"showFlares":true,"showImageEffects":true,"showParticleSystems":true},"in2DMode":false,"pivot":{"x":-1.4996179342269898,"y":-0.22809544205665589,"z":-0.002327829599380493},"rotation":{"x":-0.019489409402012826,"y":0.9682550430297852,"z":-0.2366461604833603,"w":-0.07963453233242035},"size":1.5391725301742554,"orthographic":false}