{"cameraMode":{"drawMode":0,"name":"Shaded","section":"Shading Mode"},"sceneLighting":false,"audioPlay":false,"sceneViewState":{"showFog":true,"showMaterialUpdate":false,"showSkybox":false,"showFlares":true,"showImageEffects":true,"showParticleSystems":true},"in2DMode":false,"pivot":{"x":-1.0194168090820313,"y":0.2982177734375,"z":0.02268218994140625},"rotation":{"x":-0.5640584826469421,"y":0.01941920816898346,"z":-0.013673513196408749,"w":-0.8255549669265747},"size":87.02922821044922,"orthographic":false}