{"cameraMode":{"drawMode":0,"name":"Shaded","section":"Shading Mode"},"sceneLighting":true,"audioPlay":false,"sceneViewState":{"showFog":true,"showMaterialUpdate":false,"showSkybox":true,"showFlares":true,"showImageEffects":true,"showParticleSystems":true},"in2DMode":false,"pivot":{"x":27.30401611328125,"y":0.21556583046913148,"z":-13.09162425994873},"rotation":{"x":-0.5591701865196228,"y":-0.015358828008174897,"z":0.009875316172838211,"w":-0.8290085196495056},"size":14.605342864990235,"orthographic":false}