{"cameraMode":{"drawMode":0,"name":"Shaded","section":"Shading Mode"},"sceneLighting":false,"audioPlay":false,"sceneViewState":{"showFog":true,"showMaterialUpdate":false,"showSkybox":false,"showFlares":true,"showImageEffects":true,"showParticleSystems":true},"in2DMode":false,"pivot":{"x":-0.9196676015853882,"y":0.6774845719337463,"z":0.00044576823711395264},"rotation":{"x":0.01109244953840971,"y":0.9475975632667542,"z":-0.3179284930229187,"w":0.03312139958143234},"size":7.9198150634765629,"orthographic":false}