{"cameraMode":{"drawMode":0,"name":"Shaded","section":"Shading Mode"},"sceneLighting":false,"audioPlay":false,"sceneViewState":{"showFog":true,"showMaterialUpdate":false,"showSkybox":false,"showFlares":true,"showImageEffects":true,"showParticleSystems":true},"in2DMode":false,"pivot":{"x":-3.632269859313965,"y":-3.61765193939209,"z":0.008295178413391114},"rotation":{"x":0.010641362518072129,"y":0.9763677716255188,"z":-0.21025753021240235,"w":0.04924401268362999},"size":2.040696620941162,"orthographic":false}