{"cameraMode":{"drawMode":0,"name":"Shaded","section":"Shading Mode"},"sceneLighting":false,"audioPlay":false,"sceneViewState":{"showFog":true,"showMaterialUpdate":false,"showSkybox":false,"showFlares":true,"showImageEffects":true,"showParticleSystems":true},"in2DMode":false,"pivot":{"x":4.9874958992004398,"y":0.36517953872680666,"z":-0.21530449390411378},"rotation":{"x":0.010641362518072129,"y":0.9763677716255188,"z":-0.21025753021240235,"w":0.04924401268362999},"size":5.2589216232299809,"orthographic":false}