{"cameraMode":{"drawMode":0,"name":"Shaded","section":"Shading Mode"},"sceneLighting":false,"audioPlay":false,"sceneViewState":{"showFog":true,"showMaterialUpdate":false,"showSkybox":false,"showFlares":true,"showImageEffects":true,"showParticleSystems":true},"in2DMode":false,"pivot":{"x":-166.60000610351563,"y":3.069999933242798,"z":88.4000015258789},"rotation":{"x":-0.3647569417953491,"y":-0.6036685705184937,"z":0.36091816425323489,"w":-0.610209584236145},"size":5.196155548095703,"orthographic":false}