{"cameraMode":{"drawMode":0,"name":"Shaded","section":"Shading Mode"},"sceneLighting":false,"audioPlay":false,"sceneViewState":{"showFog":true,"showMaterialUpdate":false,"showSkybox":false,"showFlares":true,"showImageEffects":true,"showParticleSystems":true},"in2DMode":false,"pivot":{"x":-166.60000610351563,"y":3.0889999866485597,"z":97.88999938964844},"rotation":{"x":-0.3478754758834839,"y":-0.15235616266727448,"z":0.057419560849666598,"w":-0.9233454465866089},"size":3.0961551666259767,"orthographic":false}