{"cameraMode":{"drawMode":0,"name":"Shaded","section":"Shading Mode"},"sceneLighting":true,"audioPlay":false,"sceneViewState":{"showFog":true,"showMaterialUpdate":false,"showSkybox":true,"showFlares":true,"showImageEffects":true,"showParticleSystems":true},"in2DMode":false,"pivot":{"x":-20.907712936401368,"y":6.4001007080078129,"z":27.778064727783204},"rotation":{"x":-0.0037308344617486,"y":0.809624969959259,"z":-0.5869815945625305,"w":-0.005116968881338835},"size":15.590729713439942,"orthographic":false}