{"cameraMode":{"drawMode":0,"name":"Shaded","section":"Shading Mode"},"sceneLighting":true,"audioPlay":false,"sceneViewState":{"showFog":true,"showMaterialUpdate":false,"showSkybox":false,"showFlares":true,"showImageEffects":true,"showParticleSystems":true},"in2DMode":false,"pivot":{"x":17.200000762939454,"y":1.9700000286102296,"z":22.0},"rotation":{"x":-0.3398449420928955,"y":0.019744979217648507,"z":-0.0070721860975027088,"w":-0.940300464630127},"size":2.4494898319244386,"orthographic":false}