{"cameraMode":{"drawMode":0,"name":"Shaded","section":"Shading Mode"},"sceneLighting":true,"audioPlay":false,"sceneViewState":{"showFog":true,"showMaterialUpdate":false,"showSkybox":false,"showFlares":true,"showImageEffects":true,"showParticleSystems":true},"in2DMode":false,"pivot":{"x":14.6899995803833,"y":2.9000000953674318,"z":23.6200008392334},"rotation":{"x":-0.46789678931236269,"y":-0.35237225890159609,"z":0.21067491173744203,"w":-0.7826946377754211},"size":5.825473785400391,"orthographic":false}