{"cameraMode":{"drawMode":0,"name":"Shaded","section":"Shading Mode"},"sceneLighting":true,"audioPlay":false,"sceneViewState":{"showFog":true,"showMaterialUpdate":false,"showSkybox":true,"showFlares":true,"showImageEffects":true,"showParticleSystems":true},"in2DMode":false,"pivot":{"x":-16.250259399414064,"y":8.290964126586914,"z":21.939085006713868},"rotation":{"x":-0.0037308344617486,"y":0.809624969959259,"z":-0.5869815945625305,"w":-0.005116968881338835},"size":19.018898010253908,"orthographic":false}