{"cameraMode":{"drawMode":0,"name":"Shaded","section":"Shading Mode"},"sceneLighting":false,"audioPlay":false,"sceneViewState":{"showFog":true,"showMaterialUpdate":false,"showSkybox":false,"showFlares":true,"showImageEffects":true,"showParticleSystems":true},"in2DMode":false,"pivot":{"x":-166.60000610351563,"y":3.069999933242798,"z":88.4000015258789},"rotation":{"x":-0.42914602160453799,"y":-0.5634773969650269,"z":0.43494462966918948,"w":-0.5560930371284485},"size":4.8935017585754398,"orthographic":false}