{"cameraMode":{"drawMode":0,"name":"Shaded","section":"Shading Mode"},"sceneLighting":true,"audioPlay":false,"sceneViewState":{"showFog":true,"showMaterialUpdate":false,"showSkybox":false,"showFlares":true,"showImageEffects":true,"showParticleSystems":true},"in2DMode":false,"pivot":{"x":14.6899995803833,"y":2.9000000953674318,"z":23.6200008392334},"rotation":{"x":-0.3647569417953491,"y":-0.6036685705184937,"z":0.36091816425323489,"w":-0.610209584236145},"size":5.825473785400391,"orthographic":false}