{"cameraMode":{"drawMode":0,"name":"Shaded","section":"Shading Mode"},"sceneLighting":false,"audioPlay":false,"sceneViewState":{"showFog":true,"showMaterialUpdate":false,"showSkybox":false,"showFlares":true,"showImageEffects":true,"showParticleSystems":true},"in2DMode":false,"pivot":{"x":-45.83000183105469,"y":2.8299999237060549,"z":78.36000061035156},"rotation":{"x":-0.6960027813911438,"y":0.006475312635302544,"z":-0.006199057679623365,"w":-0.7180426120758057},"size":5.8630194664001469,"orthographic":false}