{"cameraMode":{"drawMode":0,"name":"Shaded","section":"Shading Mode"},"sceneLighting":true,"audioPlay":false,"sceneViewState":{"showFog":true,"showMaterialUpdate":false,"showSkybox":true,"showFlares":true,"showImageEffects":true,"showParticleSystems":true},"in2DMode":false,"pivot":{"x":-46.251983642578128,"y":-6.742603302001953,"z":76.31375885009766},"rotation":{"x":0.43176764249801638,"y":0.5577590465545654,"z":-0.4238797128200531,"w":0.5682303309440613},"size":17.746173858642579,"orthographic":false}