{"cameraMode":{"drawMode":0,"name":"Shaded","section":"Shading Mode"},"sceneLighting":false,"audioPlay":false,"sceneViewState":{"showFog":true,"showMaterialUpdate":false,"showSkybox":false,"showFlares":true,"showImageEffects":true,"showParticleSystems":true},"in2DMode":false,"pivot":{"x":0.0,"y":0.5129857063293457,"z":0.008071720600128174},"rotation":{"x":-0.02133745141327381,"y":0.9267988801002502,"z":-0.3712579905986786,"w":-0.05317649245262146},"size":2.147367000579834,"orthographic":false}