{"cameraMode":{"drawMode":0,"name":"Shaded","section":"Shading Mode"},"sceneLighting":true,"audioPlay":false,"sceneViewState":{"showFog":true,"showMaterialUpdate":false,"showSkybox":false,"showFlares":true,"showImageEffects":true,"showParticleSystems":true},"in2DMode":false,"pivot":{"x":-2.206305503845215,"y":3.6939303874969484,"z":8.76877212524414},"rotation":{"x":-0.2751319110393524,"y":0.7173693180084229,"z":-0.38726189732551577,"w":-0.5096455812454224},"size":10.810089111328125,"orthographic":false}